{"stat.walkOneCm":48761,"stat.pickup.minecraft.stick":4,"stat.useItem.minecraft.egg":2,"stat.leaveGame":2,"stat.damageTaken":50,"stat.mobKills":1,"stat.pickup.dynamictrees.oakseed":6,"stat.mineBlock.minecraft.log":1,"stat.useItem.zawa.echidna":1,"stat.useItem.zawa.bengal_tiger":1,"stat.pickup.minecraft.log":7,"stat.flyOneCm":52868,"stat.useItem.zawa.bottlenose_dolphin":1,"stat.jump":169,"stat.pickup.minecraft.egg":2,"stat.swimOneCm":2000,"stat.playOneMinute":21691,"stat.fallOneCm":3913,"stat.sneakTime":17,"stat.damageDealt":130,"stat.timeSinceDeath":21691,"stat.pickup.zawa.care_guide":1,"stat.pickup.minecraft.sapling":2,"stat.sprintOneCm":13590,"stat.useItem.minecraft.stone_slab2":4,"stat.diveOneCm":15767}