{"stat.useItem.quark.trowel":7,"stat.walkOneCm":97307,"stat.pickup.bibliocraft.typewriter":1,"stat.useItem.minecraft.torch":26,"stat.useItem.quark.custom_chest":1,"stat.pickup.zawa.hunting_rifle":1,"stat.pickup.minecraft.stick":4,"stat.useItem.minecraft.egg":2,"stat.leaveGame":2,"stat.damageTaken":50,"stat.pickup.quark.root":1,"stat.drop.securitycraft.security_camera":1,"stat.mobKills":4,"stat.pickup.dynamictrees.oakseed":7,"stat.mineBlock.minecraft.log":1,"stat.useItem.zawa.echidna":1,"stat.useItem.zawa.bengal_tiger":2,"stat.pickup.minecraft.log":7,"stat.flyOneCm":91724,"stat.useItem.zawa.bottlenose_dolphin":1,"stat.useItem.quark.pickarang":1,"stat.drop":4,"stat.jump":387,"stat.pickup.minecraft.egg":2,"stat.swimOneCm":8228,"stat.playOneMinute":45991,"stat.fallOneCm":3913,"stat.pickup.minecraft.torch":2,"stat.killEntity.Sheep":1,"stat.pickup.zawa.bigcat_vial":1,"stat.sneakTime":162,"stat.drop.bibliocraft.typewriter":1,"stat.damageDealt":150,"stat.crouchOneCm":255,"stat.timeSinceDeath":45991,"stat.pickup.zawa.care_guide":1,"stat.pickup.minecraft.sapling":2,"stat.drop.minecraft.torch":1,"stat.sprintOneCm":35331,"stat.useItem.minecraft.stone_slab2":56,"stat.useItem.securitycraft.camera_monitor":1,"stat.diveOneCm":15962,"stat.drop.zawa.hunting_rifle":1}