{"stat.useItem.quark.trowel":7,"stat.walkOneCm":69487,"stat.useItem.quark.custom_chest":1,"stat.pickup.minecraft.stick":4,"stat.useItem.minecraft.egg":2,"stat.leaveGame":2,"stat.damageTaken":50,"stat.mobKills":3,"stat.pickup.dynamictrees.oakseed":6,"stat.mineBlock.minecraft.log":1,"stat.useItem.zawa.echidna":1,"stat.useItem.zawa.bengal_tiger":2,"stat.pickup.minecraft.log":7,"stat.flyOneCm":73459,"stat.useItem.zawa.bottlenose_dolphin":1,"stat.useItem.quark.pickarang":1,"stat.jump":285,"stat.pickup.minecraft.egg":2,"stat.swimOneCm":2000,"stat.playOneMinute":34291,"stat.fallOneCm":3913,"stat.killEntity.Sheep":1,"stat.sneakTime":26,"stat.damageDealt":130,"stat.crouchOneCm":30,"stat.timeSinceDeath":34291,"stat.pickup.zawa.care_guide":1,"stat.pickup.minecraft.sapling":2,"stat.sprintOneCm":29553,"stat.useItem.minecraft.stone_slab2":42,"stat.diveOneCm":15767}