{"stat.pickup.bibliocraft.typewriter":1,"stat.pickup.minecraft.bone":2,"stat.pickup.zawa.hunting_rifle":1,"stat.mineBlock.zawa.bird_perch":1,"stat.leaveGame":5,"stat.jump":586,"stat.swimOneCm":34710,"stat.fallOneCm":7173,"stat.useItem.minecraft.planks":8,"stat.crouchOneCm":1381,"stat.useItem.minecraft.stone_slab2":67,"stat.pickup.minecraft.rotten_flesh":2,"stat.pickup.minecraft.sand":1,"stat.useItem.quark.trowel":7,"stat.useItem.minecraft.egg":3,"stat.damageTaken":1015,"stat.pickup.minecraft.feather":1,"stat.drop.minecraft.bone":2,"stat.pickup.zawa.bird_perch":1,"stat.pickup.minecraft.cobblestone":5,"stat.pickup.minecraft.reeds":2,"stat.flyOneCm":114776,"stat.useItem.zawa.bottlenose_dolphin":2,"stat.pickup.dynamictrees.spruceseed":1,"stat.mineBlock.minecraft.sand":1,"stat.entityKilledBy.Zombie":2,"stat.damageDealt":557,"stat.drop.dynamictrees.spruceseed":1,"stat.timeSinceDeath":5105,"stat.useItem.minecraft.spawn_egg":2,"stat.pickup.zawa.lion_plush":2,"stat.walkOneCm":124685,"stat.useItem.minecraft.torch":27,"stat.useItem.quark.custom_chest":1,"stat.pickup.minecraft.stick":4,"stat.drop.securitycraft.security_camera":1,"stat.useItem.zawa.echidna":1,"stat.pickup.minecraft.log":13,"stat.pickup.zawa.bigcat_vial":1,"stat.mineBlock.zawa.hanging_ball":1,"stat.entityKilledBy.Skeleton":2,"stat.drop.bibliocraft.typewriter":1,"stat.pickup.minecraft.chicken":1,"stat.pickup.minecraft.sapling":2,"stat.sprintOneCm":51339,"stat.pickup.zawa.hanging_ball":1,"stat.drop.zawa.hunting_rifle":1,"stat.killEntity.Skeleton":1,"stat.mineBlock.zawa.lion_plush":2,"stat.craftItem.minecraft.planks":24,"stat.killEntity.Chicken":1,"stat.pickup.quark.root":1,"stat.mobKills":7,"stat.pickup.dynamictrees.oakseed":7,"stat.mineBlock.minecraft.log":1,"stat.useItem.zawa.bengal_tiger":2,"stat.deaths":4,"stat.useItem.quark.pickarang":1,"stat.drop":9,"stat.pickup.minecraft.egg":3,"stat.playOneMinute":61086,"stat.pickup.minecraft.torch":5,"stat.killEntity.Sheep":1,"stat.sneakTime":1113,"stat.killEntity.Zombie":1,"stat.pickup.zawa.care_guide":1,"stat.drop.minecraft.torch":3,"stat.useItem.securitycraft.camera_monitor":1,"stat.diveOneCm":29916}